ds,y
2008-01-01,4.804021045
2008-01-02,5.379897354
2008-01-03,5.659482216
2008-01-04,5.598421959
2008-01-05,5.278114659
2008-01-06,5.313205979
2008-01-07,5.673323267
2008-01-08,5.733341277
2008-01-09,5.811140993
2008-01-10,5.880532986
2008-01-11,5.645446898
2008-01-12,5.407171771
2008-01-13,5.323009979
2008-01-14,5.953243334
2008-01-15,5.910796644
2008-01-16,6.049733455
2008-01-17,6.011267174
2008-01-18,5.958424693
2008-01-19,5.370638028
2008-01-20,5.666426688
2008-01-21,6.261491684
2008-01-22,5.942799375
2008-01-23,6.089044875
2008-01-24,5.966146739
2008-01-25,5.916202063
2008-01-26,5.407171771
2008-01-27,5.488937726
2008-01-28,5.891644212
2008-01-29,5.958424693
2008-01-30,5.976350909
2008-02-01,6.159095388
2008-02-02,5.424950017
2008-02-03,5.420534999
2008-02-04,5.916202063
2008-02-05,6.033086222
2008-02-06,6.003887067
2008-02-07,5.894402834
2008-02-08,6.001414878
2008-02-09,5.590986981
2008-02-10,5.609471795
2008-02-11,6.216606101
2008-02-12,6.09356977
2008-02-13,6.040254711
2008-02-14,6.02827852
2008-02-15,5.874930731
2008-02-16,5.613128106
2008-02-17,5.517452896
2008-02-18,6.01615716
2008-02-19,6.173786104
2008-02-20,6.11146734
2008-02-21,6.033086222
2008-02-22,5.92157842
2008-02-23,5.533389489
2008-02-24,5.799092654
2008-02-25,6.070737728
2008-02-26,6.084499413
2008-02-27,6.126869184
2008-02-29,5.976350909
2008-03-02,5.587248658
2008-03-05,6.01615716
2008-03-06,5.978885765
2008-03-07,5.932245187
2008-03-08,5.605802066
2008-03-09,5.713732806
2008-03-10,6.115892125
2008-03-11,6.182084907
2008-03-12,6.126869184
2008-03-13,6.100318952
2008-03-14,6.139884552
2008-03-15,5.673323267
2008-03-16,5.743003188
2008-03-17,6.102558595
2008-03-18,6.033086222
2008-03-19,6.210600077
2008-03-20,6.12905021
2008-03-21,5.945420609
2008-03-22,5.602118821
2008-03-23,5.568344504
2008-03-24,5.826000107
2008-03-25,6.182084907
2008-03-26,6.047372179
2008-03-27,6.104793232
2008-03-28,6.025865974
2008-03-29,5.676753802
2008-03-30,5.755742214
2008-03-31,6.263398263
2008-04-01,6.137727054
2008-04-02,6.107022888
2008-04-03,6.190315406
2008-04-04,6.042632834
2008-04-05,5.85220248
2008-04-06,5.84932478
2008-04-07,6.09356977
2008-04-08,6.232448017
2008-04-09,6.21860012
2008-04-10,6.154858094
2008-04-11,6.29156914
2008-04-12,5.690359454
2008-04-13,5.765191103
2008-04-14,6.226536669
2008-04-15,6.272877007
2008-04-16,6.280395839
2008-04-17,6.263398263
2008-04-18,6.109247583
2008-04-19,5.638354669
2008-04-20,5.669880923
2008-04-21,6.133398043
2008-04-22,6.265301213
2008-04-23,6.107022888
2008-04-24,6.182084907
2008-04-25,6.180016654
2008-04-26,5.840641657
2008-04-27,5.768320996
2008-04-28,6.324358962
2008-04-29,6.251903883
2008-04-30,6.263398263
2008-05-01,6.089044875
2008-05-02,6.173786104
2008-05-03,5.697093487
2008-05-04,5.908082938
2008-05-05,6.33150185
2008-05-06,6.535241271
2008-05-07,6.246106765
2008-05-08,6.216606101
2008-05-09,6.261491684
2008-05-10,5.998936562
2008-05-11,6.033086222
2008-05-12,6.22059017
2008-05-13,6.37331979
2008-05-14,6.308098442
2008-05-15,6.095824562
2008-05-16,5.991464547
2008-05-17,5.170483995
2008-05-18,5.017279837
2008-05-19,5.393627546
2008-05-20,5.587248658
2008-05-21,5.659482216
2008-05-22,5.365976015
2008-05-23,5.327876169
2008-05-24,4.976733742
2008-05-25,5.327876169
2008-05-26,5.192956851
2008-05-27,5.583496309
2008-05-28,5.484796933
2008-05-29,5.666426688
2008-05-30,5.774551546
2008-05-31,5.204006687
2008-06-03,5.545177444
2008-06-04,5.587248658
2008-06-05,5.666426688
2008-06-06,5.676753802
2008-06-07,5.420534999
2008-06-08,5.068904202
2008-06-09,5.351858133
2008-06-10,6.156978986
2008-06-11,6.156978986
2008-06-12,6.785587645
2008-06-13,6.997595983
2008-06-14,7.01571242
2008-06-15,6.688354714
2008-06-16,6.675823222
2008-06-17,7.045776577
2008-06-18,7.080867897
2008-06-19,7.064759028
2008-06-20,7.137278437
2008-06-21,6.967909202
2008-06-22,6.356107661
2008-06-23,6.386879319
2008-06-24,6.763884909
2008-06-25,6.931471806
2008-06-26,7.19142933
2008-06-27,7.183870715
2008-06-28,7.142036575
2008-06-29,6.246106765
2008-06-30,5.313205979
2008-07-02,6.398594935
2008-07-03,6.363028104
2008-07-04,6.192362489
2008-07-05,5.613128106
2008-07-06,5.433722004
2008-07-07,5.908082938
2008-07-08,5.65248918
2008-07-09,5.556828062
2008-07-10,5.583496309
2008-07-11,5.176149733
2008-07-12,4.890349128
2008-08-01,5.267858159
2008-08-02,5.424950017
2008-08-03,5.955837369
2008-08-04,6.336825731
2008-08-05,6.329720906
2008-08-06,6.255750042
2008-08-07,6.263398263
2008-08-08,6.104793232
2008-08-09,5.765191103
2008-08-10,5.774551546
2008-08-11,6.184148891
2008-08-12,6.251903883
2008-08-13,6.180016654
2008-08-14,6.139884552
2008-08-15,6.059123196
2008-08-16,5.66296048
2008-08-17,5.673323267
2008-08-18,6.104793232
2008-08-19,6.206575927
2008-08-20,6.278521424
2008-08-21,6.309918278
2008-08-22,6.013715156
2008-08-23,6.126869184
2008-08-24,5.902633333
2008-08-25,6.320768294
2008-08-26,6.274762021
2008-08-27,6.413458957
2008-08-28,6.388561406
2008-08-29,6.200509174
2008-08-30,5.598421959
2008-08-31,5.771441123
2008-09-01,6.107022888
2008-09-02,6.410174882
2008-09-03,6.450470422
2008-09-04,6.498282149
2008-09-05,6.345636361
2008-09-06,5.805134969
2008-09-07,5.802118375
2008-09-08,5.771441123
2008-09-09,6.091309882
2008-09-10,6.154858094
2008-09-11,6.276643489
2008-09-12,6.380122537
2008-09-13,5.908082938
2008-09-14,5.96870756
2008-09-15,6.356107661
2008-09-16,6.336825731
2008-09-17,6.426488457
2008-09-18,6.368187186
2008-09-19,6.408528791
2008-09-20,5.771441123
2008-09-21,5.379897354
2008-09-22,5.913503006
2008-09-23,5.755742214
2008-09-24,5.877735782
2008-09-25,5.749392986
2008-09-26,5.463831805
2008-09-27,5.880532986
2008-09-28,5.872117789
2008-09-29,6.23636959
2008-09-30,6.018593214
2008-10-01,5.860786223
2008-10-02,5.686975356
2008-10-03,6.018593214
2008-10-04,5.973809612
2008-10-05,5.897153868
2008-10-06,6.302618976
2008-10-07,6.380122537
2008-10-08,6.436150368
2008-10-09,6.32256524
2008-10-10,5.998936562
2008-10-11,5.293304825
2008-10-12,5.017279837
2008-10-13,5.384495063
2008-10-14,5.598421959
2008-10-15,5.717027701
2008-10-16,5.613128106
2008-10-17,5.424950017
2008-10-18,4.990432587
2008-10-19,4.955827058
2008-10-20,5.564520407
2008-10-23,5.505331536
2008-10-24,5.342334252
2008-10-25,5.017279837
2008-10-26,5.164785974
2008-10-27,5.517452896
2008-10-28,5.505331536
2008-10-29,5.398162702
2008-10-30,5.476463552
2008-10-31,5.384495063
2008-11-01,5.049856007
2008-11-02,4.919980926
2008-11-03,5.298317367
2008-11-04,5.497168225
2008-11-05,5.313205979
2008-11-06,6.612041035
2008-11-07,5.686975356
2008-11-08,5.438079309
2008-11-09,6.08221891
2008-11-10,6.226536669
2008-11-11,6.472346295
2008-11-12,6.516193076
2008-11-13,6.364750757
2008-11-14,6.333279628
2008-11-15,5.897153868
2008-11-16,5.877735782
2008-11-17,6.33150185
2008-11-18,6.342121419
2008-11-19,6.453624999
2008-11-20,6.356107661
2008-11-21,6.289715571
2008-11-22,6.089044875
2008-11-23,6.061456919
2008-11-24,6.32256524
2008-11-25,6.371611847
2008-11-26,6.317164687
2008-11-27,6.295266001
2008-11-28,6.12249281
2008-11-29,6.033086222
2008-11-30,6.011267174
2008-12-01,6.280395839
2008-12-02,6.426488457
2008-12-03,6.398594935
2008-12-04,6.385194399
2008-12-05,6.37502482
2008-12-06,6.042632834
2008-12-07,6.163314804
2008-12-08,6.306275287
2008-12-09,6.298949247
2008-12-10,6.336825731
2008-12-11,6.202535517
2008-12-12,6.289715571
2008-12-13,5.877735782
2008-12-14,5.953243334
2008-12-15,6.234410726
2008-12-16,6.257667588
2008-12-17,6.22059017
2008-12-18,6.295266001
2008-12-19,6.194405391
2008-12-20,5.645446898
2008-12-21,5.743003188
2008-12-22,6.284134161
2008-12-23,6.033086222
2008-12-24,5.762051383
2008-12-25,5.525452939
2008-12-26,5.638354669
2008-12-27,5.752572639
2008-12-28,5.65248918
2008-12-29,5.988961417
2008-12-30,5.932245187
2008-12-31,5.913503006
2009-01-01,5.556828062
2009-01-02,5.85220248
2009-01-03,5.955837369
2009-01-04,6.063785209
2009-01-05,6.326149473
2009-01-06,6.238324625
2009-01-07,8.568646473
2009-01-08,8.640648995
2009-01-09,7.589335823
2009-01-10,6.941190055
2009-01-11,6.710523109
2009-01-12,7.270312886
2009-01-13,7.197435354
2009-01-14,6.964135612
2009-01-15,6.742880636
2009-01-16,6.728628613
2009-01-17,6.43775165
2009-01-18,6.270988432
2009-01-19,6.799055862
2009-01-20,6.705639095
2009-01-21,6.705639095
2009-01-22,6.781057626
2009-01-23,6.56667243
2009-01-24,6.311734809
2009-01-25,6.263398263
2009-01-26,6.687108608
2009-01-27,6.684611728
2009-01-28,6.70073111
2009-01-29,6.775366091
2009-01-30,6.693323668
2009-01-31,6.376726948
2009-02-01,6.356107661
2009-02-02,6.687108608
2009-02-03,6.742880636
2009-02-04,6.752270376
2009-02-05,6.774223886
2009-02-06,6.759255271
2009-02-07,6.306275287
2009-02-08,6.37331979
2009-02-09,6.529418838
2009-02-10,6.64118217
2009-02-11,6.727431725
2009-02-12,6.582025139
2009-02-13,6.548219103
2009-02-14,6.146329258
2009-02-15,6.240275845
2009-02-16,6.621405652
2009-02-17,6.778784898
2009-02-18,6.674561392
2009-02-19,6.744059186
2009-02-20,7.07834158
2009-02-21,6.536691598
2009-02-22,6.265301213
2009-02-23,6.65415252
2009-02-24,6.626717749
2009-02-25,6.625392368
2009-02-26,6.782192056
2009-02-27,6.647688374
2009-02-28,6.232448017
2009-03-01,6.29156914
2009-03-02,6.65544035
2009-03-03,6.678342115
2009-03-04,6.955592608
2009-03-05,6.822197391
2009-03-06,6.722629795
2009-03-07,6.333279628
2009-03-08,6.272877007
2009-03-09,6.678342115
2009-03-10,6.651571874
2009-03-11,6.65544035
2009-03-12,6.647688374
2009-03-13,6.575075841
2009-03-14,6.184148891
2009-03-15,6.270988432
2009-03-16,6.629363253
2009-03-17,6.646390515
2009-03-18,6.575075841
2009-03-19,6.568077911
2009-03-20,6.593044534
2009-03-21,6.091309882
2009-03-22,6.03787092
2009-03-23,6.618738984
2009-03-24,6.697034248
2009-03-25,6.580639137
2009-03-26,6.542471961
2009-03-27,6.525029658
2009-03-28,5.948034989
2009-03-29,5.513428746
2009-03-30,5.988961417
2009-03-31,6.095824562
2009-04-01,6.09356977
2009-04-02,6.423246964
2009-04-03,6.369900983
2009-04-04,6.104793232
2009-04-05,6.011267174
2009-04-06,6.453624999
2009-04-07,6.527957918
2009-04-08,6.549650742
2009-04-09,6.572282543
2009-04-10,6.285998095
2009-04-11,5.96100534
2009-04-12,5.988961417
2009-04-13,6.282266747
2009-04-14,6.406879986
2009-04-15,6.721425701
2009-04-16,6.549650742
2009-04-17,6.37331979
2009-04-18,6.052089169
2009-04-19,6.077642243
2009-04-20,6.517671273
2009-04-21,6.456769656
2009-04-22,6.530877628
2009-04-23,6.51174533
2009-04-24,6.453624999
2009-04-25,6.259581464
2009-04-26,6.17586727
2009-04-27,6.368187186
2009-04-28,6.539585956
2009-04-29,6.517671273
2009-04-30,6.501289671
2009-05-01,6.395261598
2009-05-02,6.003887067
2009-05-03,6.025865974
2009-05-04,6.444131257
2009-05-05,6.522092798
2009-05-06,6.548219103
2009-05-07,6.501289671
2009-05-08,6.520621128
2009-05-09,6.06610809
2009-05-10,6.00635316
2009-05-11,6.570882962
2009-05-12,6.692083743
2009-05-13,6.634633358
2009-05-14,6.618738984
2009-05-15,6.561030666
2009-05-16,6.148468296
2009-05-17,6.21860012
2009-05-18,6.573680167
2009-05-19,6.647688374
2009-05-20,6.591673732
2009-05-21,6.575075841
2009-05-22,6.476972363
2009-05-23,6.077642243
2009-05-24,6.008813185
2009-05-25,6.298949247
2009-05-26,6.739336627
2009-05-27,6.651571874
2009-05-28,6.682108597
2009-05-29,6.476972363
2009-05-30,6.131226489
2009-05-31,6.173786104
2009-06-01,6.536691598
2009-06-02,6.652863029
2009-06-03,6.629363253
2009-06-04,6.70073111
2009-06-05,6.489204931
2009-06-06,6.059123196
2009-06-07,5.981414211
2009-06-08,6.459904454
2009-06-09,6.629363253
2009-06-10,6.563855527
2009-06-11,6.562444094
2009-06-12,6.436150368
2009-06-13,6.054439346
2009-06-14,6.042632834
2009-06-15,6.522092798
2009-06-16,6.530877628
2009-06-17,6.514712691
2009-06-18,6.450470422
2009-06-19,6.320768294
2009-06-20,5.888877958
2009-06-21,5.981414211
2009-06-22,6.343880434
2009-06-23,6.456769656
2009-06-24,6.608000625
2009-06-25,6.473890696
2009-06-26,6.366470448
2009-06-27,5.978885765
2009-06-28,6.00635316
2009-06-29,6.463029457
2009-06-30,6.516193076
2009-07-01,6.51174533
2009-07-02,6.378426184
2009-07-03,6.224558429
2009-07-04,5.929589143
2009-07-05,5.831882477
2009-07-06,6.508769137
2009-07-07,6.588926478
2009-07-08,6.556778356
2009-07-09,6.476972363
2009-07-10,6.486160789
2009-07-11,5.958424693
2009-07-12,5.910796644
2009-07-13,6.455198563
2009-07-14,6.472346295
2009-07-15,6.577861358
2009-07-16,6.535241271
2009-07-17,6.507277712
2009-07-18,6.095824562
2009-07-19,6.042632834
2009-07-20,6.601230119
2009-07-21,6.630683386
2009-07-22,7.212294469
2009-07-23,6.945051064
2009-07-24,6.612041035
2009-07-25,6.021023349
2009-07-26,6.11146734
2009-07-27,6.617402978
2009-07-28,6.766191715
2009-07-29,6.727431725
2009-07-30,6.7310181
2009-07-31,6.489204931
2009-08-01,6.139884552
2009-08-02,6.171700597
2009-08-03,6.584791392
2009-08-04,6.66057515
2009-08-05,6.622736324
2009-08-06,6.651571874
2009-08-07,6.513230111
2009-08-08,6.261491684
2009-08-09,6.329720906
2009-08-10,6.646390515
2009-08-11,6.661854741
2009-08-12,6.605297921
2009-08-13,6.56948142
2009-08-14,6.49677499
2009-08-15,6.056784013
2009-08-16,6.148468296
2009-08-17,6.64509097
2009-08-18,6.7310181
2009-08-19,6.642486801
2009-08-20,6.593044534
2009-08-21,6.552507887
2009-08-22,6.216606101
2009-08-23,6.09356977
2009-08-24,6.595780514
2009-08-25,6.717804695
2009-08-26,6.680854679
2009-08-27,6.701960366
2009-08-28,6.646390515
2009-08-29,6.327936784
2009-08-30,6.263398263
2009-08-31,6.684611728
2009-09-01,6.690842277
2009-09-02,6.961296046
2009-09-03,6.840546529
2009-09-04,6.650279049
2009-09-05,6.234410726
2009-09-06,6.216606101
2009-09-07,6.56667243
2009-09-08,6.754604099
2009-09-09,6.800170068
2009-09-10,6.805722553
2009-09-11,6.719013154
2009-09-12,6.263398263
2009-09-13,6.306275287
2009-09-14,6.748759547
2009-09-15,6.70073111
2009-09-16,6.722629795
2009-09-17,6.711740395
2009-09-18,6.763884909
2009-09-19,6.361302478
2009-09-20,6.263398263
2009-09-21,6.532334292
2009-09-22,6.720220155
2009-09-24,6.749931194
2009-09-28,6.50578406
2009-09-29,6.711740395
2009-09-30,6.701960366
2009-10-01,6.694562059
2009-10-02,6.830874235
2009-10-03,6.249975242
2009-10-04,6.345636361
2009-10-05,6.599870499
2009-10-06,6.638567789
2009-10-07,6.694562059
2009-10-08,6.768493212
2009-10-09,6.64509097
2009-10-10,6.356107661
2009-10-11,6.378426184
2009-10-12,6.66949809
2009-10-13,6.674561392
2009-10-17,6.216606101
2009-10-18,6.200509174
2009-10-19,6.616065185
2009-10-20,6.711740395
2009-10-21,6.785587645
2009-10-22,6.739336627
2009-10-23,6.673297968
2009-10-24,6.208590026
2009-10-25,6.261491684
2009-10-26,6.634633358
2009-10-27,6.705639095
2009-10-28,6.786716951
2009-10-29,6.735780014
2009-10-30,6.605297921
2009-10-31,6.180016654
2009-11-01,6.269096284
2009-11-02,6.50578406
2009-11-03,6.787844982
2009-11-04,6.849066283
2009-11-05,6.866933284
2009-11-06,6.646390515
2009-11-07,6.276643489
2009-11-08,6.447305863
2009-11-09,6.66440902
2009-11-10,6.698268054
2009-11-11,6.749931194
2009-11-12,6.741700695
2009-11-13,6.672032945
2009-11-14,6.306275287
2009-11-16,6.739336627
2009-11-17,6.490723535
2009-11-18,6.575075841
2009-11-19,6.643789733
2009-11-20,6.638567789
2009-11-21,6.230481448
2009-11-23,6.719013154
2009-11-24,6.595780514
2009-11-25,6.469250317
2009-11-26,6.380122537
2009-11-27,6.398594935
2009-11-28,6.228511004
2009-11-29,6.255750042
2009-11-30,6.591673732
2009-12-01,6.598509029
2009-12-02,6.626717749
2009-12-03,6.626717749
2009-12-04,6.616065185
2009-12-05,6.126869184
2009-12-06,6.228511004
2009-12-07,6.533788838
2009-12-08,6.473890696
2009-12-09,6.558197803
2009-12-10,6.517671273
2009-12-11,6.513230111
2009-12-12,6.249975242
2009-12-13,6.216606101
2009-12-14,6.426488457
2009-12-15,6.376726948
2009-12-16,6.499787041
2009-12-17,6.593044534
2009-12-18,6.502790046
2009-12-19,6.049733455
2009-12-20,6.052089169
2009-12-21,6.490723535
2009-12-22,6.555356892
2009-12-23,6.49677499
2009-12-24,6.025865974
2009-12-25,5.789960171
2009-12-26,5.837730447
2009-12-27,5.92157842
2009-12-28,6.224558429
2009-12-29,6.265301213
2009-12-30,6.188264123
2009-12-31,6.200509174
2010-01-01,5.886104031
2010-01-02,5.953243334
2010-01-03,5.96870756
2010-01-04,6.182084907
2010-01-05,6.413458957
2010-01-06,6.539585956
2010-01-07,6.753437919
2010-01-08,6.579251212
2010-01-09,6.333279628
2010-01-10,6.478509642
2010-01-11,6.692083743
2010-01-12,6.787844982
2010-01-13,6.697034248
2010-01-14,6.646390515
2010-01-15,6.816735881
2010-01-16,6.304448802
2010-01-17,6.386879319
2010-01-18,6.674561392
2010-01-19,6.89060912
2010-01-20,6.859614904
2010-01-21,6.925595197
2010-01-22,6.857514063
2010-01-25,6.953684211
2010-01-26,6.865891075
2010-01-27,6.886531643
2010-01-28,6.823286122
2010-01-29,6.767343125
2010-01-30,6.447305863
2010-01-31,6.487684018
2010-02-01,6.900730664
2010-02-02,6.851184927
2010-02-03,6.923628628
2010-02-04,6.988413182
2010-02-05,6.88857246
2010-02-06,6.502790046
2010-02-07,6.504288174
2010-02-09,6.80461452
2010-02-10,6.903747258
2010-02-11,6.958448393
2010-02-12,6.878326468
2010-02-13,6.464588304
2010-02-14,6.342121419
2010-02-15,6.665683718
2010-02-16,6.854354502
2010-02-17,6.791221463
2010-02-18,6.84694314
2010-02-19,6.690842277
2010-02-20,6.561030666
2010-02-21,6.432940093
2010-02-22,6.786716951
2010-02-24,6.818924065
2010-02-25,6.788971743
2010-02-26,6.744059186
2010-02-27,6.588926478
2010-02-28,6.498282149
2010-03-01,6.727431725
2010-03-02,6.965080346
2010-03-03,6.820016365
2010-03-04,6.902742737
2010-03-05,7.033506484
2010-03-06,6.527957918
2010-03-07,6.492239835
2010-03-08,6.841615476
2010-03-09,6.878326468
2010-03-10,6.878326468
2010-03-11,6.899723107
2010-03-12,6.869014451
2010-03-13,6.621405652
2010-03-14,6.473890696
2010-03-15,6.753437919
2010-03-16,6.784457063
2010-03-17,6.923628628
2010-03-18,6.892641641
2010-03-19,6.776506992
2010-03-20,6.498282149
2010-03-21,6.486160789
2010-03-22,6.746412129
2010-03-23,6.694562059
2010-03-24,6.763884909
2010-03-25,6.833031733
2010-03-26,6.831953566
2010-03-27,6.562444094
2010-03-28,6.383506635
2010-03-29,6.754604099
2010-03-30,6.854354502
2010-03-31,6.820016365
2010-04-01,6.775366091
2010-04-02,6.650279049
2010-04-03,6.381816017
2010-04-04,6.349138991
2010-04-05,6.576469569
2010-04-06,6.732210706
2010-04-07,6.845879875
2010-04-08,6.781057626
2010-04-09,6.774223886
2010-04-10,6.378426184
2010-04-11,6.480044562
2010-04-12,6.893656355
2010-04-13,6.879355804
2010-04-14,6.793466133
2010-04-15,6.799055862
2010-04-16,6.821107472
2010-04-17,6.584791392
2010-04-18,6.562444094
2010-04-19,6.863803391
2010-04-20,6.851184927
2010-04-21,6.797940413
2010-04-22,6.852242569
2010-04-23,6.891625897
2010-04-24,6.499787041
2010-04-25,6.575075841
2010-04-26,7.286876412
2010-04-27,7.38274645
2010-04-28,6.882437471
2010-04-29,6.957497371
2010-04-30,6.943122423
2010-05-01,6.586171655
2010-05-02,6.514712691
2010-05-03,6.906754779
2010-05-04,6.921658184
2010-05-05,6.937314081
2010-05-06,7.060476366
2010-05-07,7.041411664
2010-05-08,6.598509029
2010-05-09,6.450470422
2010-05-10,6.878326468
2010-05-11,6.928537818
2010-05-12,6.88550967
2010-05-13,6.587550015
2010-05-14,6.70930434
2010-05-15,6.552507887
2010-05-16,6.380122537
2010-05-17,6.769641977
2010-05-18,6.539585956
2010-05-19,6.599870499
2010-05-20,6.735780014
2010-05-21,6.725033642
2010-05-22,6.519147288
2010-05-23,6.490723535
2010-05-24,6.65929392
2010-05-25,6.762729507
2010-05-26,6.896694332
2010-05-27,6.754604099
2010-05-28,6.522092798
2010-05-29,6.352629396
2010-05-30,6.326149473
2010-05-31,6.525029658
2010-06-01,6.762729507
2010-06-02,6.84694314
2010-06-03,6.849066283
2010-06-04,6.749931194
2010-06-05,6.548219103
2010-06-06,6.363028104
2010-06-07,6.782192056
2010-06-08,6.814542897
2010-06-09,6.754604099
2010-06-10,6.705639095
2010-06-11,6.261491684
2010-06-12,4.934473933
2010-06-13,4.510859507
2010-06-14,5.010635294
2010-06-15,6.06610809
2010-06-16,6.293419279
2010-06-17,6.650279049
2010-06-18,6.630683386
2010-06-19,6.369900983
2010-06-20,6.333279628
2010-06-21,6.693323668
2010-06-22,6.630683386
2010-06-23,6.601230119
2010-06-24,6.54534966
2010-06-25,6.445719819
2010-06-27,5.111987788
2010-06-29,6.661854741
2010-06-30,6.643789733
2010-07-01,6.620073207
2010-07-02,6.736966958
2010-07-03,6.171700597
2010-07-04,6.09356977
2010-07-06,6.610696045
2010-07-11,6.200509174
2010-07-12,6.551080335
2010-07-13,6.698268054
2010-07-14,6.637258031
2010-07-15,6.710523109
2010-07-16,6.59441346
2010-07-17,6.204557763
2010-07-18,6.063785209
2010-07-19,7.116394144
2010-07-20,6.958448393
2010-07-21,6.725033642
2010-07-22,6.950814768
2010-07-23,7.01301579
2010-07-24,6.533788838
2010-07-25,6.542471961
2010-07-26,7.048386409
2010-07-27,7.075808864
2010-07-28,7.03966035
2010-07-29,7.063903961
2010-07-30,6.947937069
2010-07-31,6.617402978
2010-08-01,6.501289671
2010-08-02,7.037027615
2010-08-03,7.480428306
2010-08-04,7.261927093
2010-08-05,7.100851909
2010-08-06,7.041411664
2010-08-07,6.751101469
2010-08-08,6.590301048
2010-08-09,7.13009851
2010-08-10,7.142036575
2010-08-11,7.178545484
2010-08-12,7.049254841
2010-08-13,6.985641818
2010-08-14,6.50578406
2010-08-15,6.591673732
2010-08-16,7.110696123
2010-08-17,7.114769448
2010-08-18,7.077498054
2010-08-19,7.101675972
2010-08-20,6.93439721
2010-08-21,6.622736324
2010-08-22,6.697034248
2010-08-23,7.058758153
2010-08-24,7.154615357
2010-08-25,7.093404626
2010-08-26,7.149916836
2010-08-27,7.022868086
2010-08-28,6.620073207
2010-08-29,6.66949809
2010-08-30,7.115582126
2010-08-31,7.249925537
2010-09-01,7.245655068
2010-09-02,7.237059026
2010-09-03,7.094234846
2010-09-04,6.766191715
2010-09-05,6.639875834
2010-09-06,7.028201432
2010-09-07,7.134890852
2010-09-08,7.312553498
2010-09-09,7.239214974
2010-09-10,7.031741259
2010-09-11,6.678342115
2010-09-12,6.748759547
2010-09-13,7.189922171
2010-09-14,7.26612878
2010-09-15,7.308542798
2010-09-16,7.29301768
2010-09-17,7.185387016
2010-09-18,6.698268054
2010-09-19,6.833031733
2010-09-20,7.221835825
2010-09-21,7.244941546
2010-09-22,7.180069874
2010-09-23,7.152268856
2010-09-24,7.165493475
2010-09-25,6.767343125
2010-09-26,6.816735881
2010-09-27,7.19142933
2010-09-28,7.324489979
2010-09-29,7.262628601
2010-09-30,7.201916318
2010-10-01,7.160845907
2010-10-02,6.879355804
2010-10-03,6.790097236
2010-10-04,7.263329617
2010-10-05,7.229838778
2010-10-06,7.282073658
2010-10-07,7.203405521
2010-10-08,7.092573716
2010-10-09,6.638567789
2010-10-10,6.680854679
2010-10-11,7.222566019
2010-10-12,7.220373837
2010-10-13,7.206377291
2010-10-14,7.238496841
2010-10-15,7.091742115
2010-10-16,6.900730664
2010-10-17,6.896694332
2010-10-18,7.10824414
2010-10-19,7.239214974
2010-10-20,7.229113878
2010-10-21,7.21303166
2010-10-22,7.157735484
2010-10-23,6.836259277
2010-10-24,6.785587645
2010-10-25,7.199678346
2010-10-26,7.375255778
2010-10-27,7.370860167
2010-10-28,7.40731771
2010-10-29,7.237778192
2010-10-30,6.742880636
2010-10-31,6.884486652
2010-11-01,7.235619141
2010-11-02,7.195937226
2010-11-03,7.145984468
2010-11-04,7.313886832
2010-11-05,7.187657164
2010-11-06,6.777646594
2010-11-07,6.921658184
2010-11-08,7.166265974
2010-11-09,7.218176838
2010-11-10,7.285506549
2010-11-11,7.221105098
2010-11-12,7.189167738
2010-11-13,6.754604099
2010-11-14,6.727431725
2010-11-15,7.048386409
2010-11-16,7.208600338
2010-11-17,7.221835825
2010-11-18,7.241366283
2010-11-19,7.097548851
2010-11-20,6.81014245
2010-11-21,6.779921907
2010-11-22,7.143617603
2010-11-23,7.155396302
2010-11-24,7.126890809
2010-11-25,6.915723449
2010-11-26,6.997595983
2010-11-27,6.65929392
2010-11-28,6.717804695
2010-11-29,7.056175284
2010-11-30,7.204149292
2010-12-01,7.25629724
2010-12-02,7.14440718
2010-12-03,7.054449658
2010-12-04,6.783325201
2010-12-05,6.821107472
2010-12-06,7.137278437
2010-12-07,7.157735484
2010-12-08,7.092573716
2010-12-09,7.164720379
2010-12-10,7.106606138
2010-12-11,6.708084084
2010-12-12,6.742880636
2010-12-13,7.138867
2010-12-14,7.3524411
2010-12-15,7.255591274
2010-12-16,7.197435354
2010-12-17,6.91968385
2010-12-18,6.792344427
2010-12-19,6.797940413
2010-12-20,6.988413182
2010-12-21,6.971668605
2010-12-22,7.20489251
2010-12-23,6.862757913
2010-12-24,6.439350371
2010-12-25,6.317164687
2010-12-26,6.398594935
2010-12-27,6.673297968
2010-12-28,6.908754779
2010-12-29,6.942156706
2010-12-30,6.822197391
2010-12-31,6.492239835
2011-01-01,6.466144724
2011-01-02,6.620073207
2011-01-03,6.975413927
2011-01-04,7.04053639
2011-01-05,7.071573364
2011-01-06,7.035268599
2011-01-07,7.074963198
2011-01-08,6.739336627
2011-01-09,6.735780014
2011-01-10,7.142036575
2011-01-11,7.212294469
2011-01-12,7.236339343
2011-01-13,7.180831199
2011-01-14,7.189167738
2011-01-15,6.767343125
2011-01-16,6.769641977
2011-01-17,7.140453043
2011-01-18,7.344072851
2011-01-19,7.326465614
2011-01-20,7.313886832
2011-01-21,7.168579897
2011-01-22,6.935370446
2011-01-23,6.88857246
2011-01-24,7.228388452
2011-01-25,7.262628601
2011-01-26,7.298445102
2011-01-27,7.225481473
2011-01-28,7.260522598
2011-01-29,6.863803391
2011-01-30,6.985641818
2011-01-31,7.33628566
2011-02-01,7.271703707
2011-02-02,7.273092596
2011-02-03,7.385230923
2011-02-04,7.29301768
2011-02-05,6.797940413
2011-02-06,6.893656355
2011-02-07,7.257002707
2011-02-08,7.200424893
2011-02-09,7.270312886
2011-02-10,7.209340257
2011-02-11,7.199678346
2011-02-12,6.884486652
2011-02-13,6.794586581
2011-02-14,7.186144305
2011-02-15,7.226936018
2011-02-16,7.295735073
2011-02-17,7.272398393
2011-02-18,7.187657164
2011-02-19,6.816735881
2011-02-20,6.91671502
2011-02-21,7.275864601
2011-02-22,7.263329617
2011-02-23,7.168579897
2011-02-24,7.327780538
2011-02-25,7.145984468
2011-02-26,6.776506992
2011-02-27,6.906754779
2011-02-28,7.401841579
2011-03-01,7.395107547
2011-03-02,7.349873705
2011-03-03,7.265429723
2011-03-04,7.227662499
2011-03-05,6.869014451
2011-03-06,6.966024187
2011-03-07,7.272398393
2011-03-08,7.186144305
2011-03-09,7.401841579
2011-03-10,7.326465614
2011-03-11,7.192182059
2011-03-12,6.841615476
2011-03-13,6.91274282
2011-03-14,7.208600338
2011-03-15,7.23489842
2011-03-16,7.24636808
2011-03-17,7.175489714
2011-03-18,7.100851909
2011-03-19,6.818924065
2011-03-20,6.771935556
2011-03-21,7.21303166
2011-03-22,7.289610521
2011-03-23,7.339537695
2011-03-24,7.290974778
2011-03-25,7.111512116
2011-03-26,6.745236349
2011-03-27,6.733401892
2011-03-28,7.239932591
2011-03-29,7.232010332
2011-03-30,7.282073658
2011-03-31,7.359467638
2011-04-01,7.138867
2011-04-02,6.712956201
2011-04-03,6.807934944
2011-04-04,7.208600338
2011-04-05,7.241366283
2011-04-06,7.346655163
2011-04-07,7.311886164
2011-04-08,7.225481473
2011-04-09,6.728628613
2011-04-10,6.88550967
2011-04-11,7.325148958
2011-04-12,7.325148958
2011-04-13,7.244941546
2011-04-14,7.337587744
2011-04-15,7.155396302
2011-04-16,6.838405201
2011-04-17,7.791109511
2011-04-18,7.444833274
2011-04-19,7.387709239
2011-04-20,7.359467638
2011-04-21,7.227662499
2011-04-22,7.018401799
2011-04-23,6.818924065
2011-04-24,6.779921907
2011-04-25,7.0800265
2011-04-26,7.22329568
2011-04-27,7.280697195
2011-04-28,7.250635512
2011-04-29,7.068172
2011-04-30,6.781057626
2011-05-01,6.775366091
2011-05-02,7.156956365
2011-05-03,7.205635176
2011-05-04,7.18690102
2011-05-05,7.192182059
2011-05-06,7.104144093
2011-05-07,6.856461985
2011-05-08,6.827629235
2011-05-09,7.115582126
2011-05-10,7.226936018
2011-05-11,7.252762418
2011-05-12,7.221105098
2011-05-13,7.094234846
2011-05-14,6.65415252
2011-05-15,6.817830571
2011-05-16,7.172424577
2011-05-17,7.290974778
2011-05-18,7.294377299
2011-05-19,7.25981961
2011-05-20,7.163172391
2011-05-21,6.678342115
2011-05-22,6.752270376
2011-05-23,7.160069208
2011-05-24,7.192934221
2011-05-25,7.190676034
2011-05-26,7.202661197
2011-05-27,7.069874128
2011-05-28,6.666956792
2011-05-29,6.651571874
2011-05-30,6.943122423
2011-05-31,7.169350017
2011-06-01,7.177018766
2011-06-02,7.073269717
2011-06-03,7.062191632
2011-06-04,6.767343125
2011-06-05,6.706862337
2011-06-06,7.149916836
2011-06-07,7.14440718
2011-06-08,7.189922171
2011-06-09,7.120444372
2011-06-10,7.090909822
2011-06-11,6.672032945
2011-06-12,6.579251212
2011-06-13,7.070724107
2011-06-14,7.070724107
2011-06-15,7.296413269
2011-06-16,7.241366283
2011-06-17,7.170119543
2011-06-18,6.754604099
2011-06-19,6.874198495
2011-06-20,7.221835825
2011-06-21,7.323170718
2011-06-22,7.237778192
2011-06-23,7.216709487
2011-06-24,7.129297549
2011-06-25,6.776506992
2011-06-26,6.698268054
2011-06-27,7.133295955
2011-06-28,7.286191715
2011-06-29,7.214504414
2011-06-30,7.06646697
2011-07-01,7.086737935
2011-07-02,6.725033642
2011-07-03,6.584791392
2011-07-04,6.998509642
2011-07-05,7.13009851
2011-07-06,7.238496841
2011-07-07,7.215239979
2011-07-08,7.160845907
2011-07-09,6.647688374
2011-07-10,6.647688374
2011-07-11,7.104144093
2011-07-12,7.278628942
2011-07-13,7.155396302
2011-07-14,7.197435354
2011-07-15,7.001245622
2011-07-16,6.720220155
2011-07-17,6.749931194
2011-07-18,7.204149292
2011-07-19,7.264730178
2011-07-20,7.20489251
2011-07-21,7.122059882
2011-07-22,7.03966035
2011-07-23,6.65415252
2011-07-24,6.635946556
2011-07-25,7.153051635
2011-07-26,7.232010332
2011-07-27,7.232010332
2011-07-28,7.18690102
2011-07-29,7.086737935
2011-07-30,6.687108608
2011-07-31,6.697034248
2011-08-01,7.029087564
2011-08-02,7.198931241
2011-08-03,7.157735484
2011-08-04,7.192934221
2011-08-05,7.158513997
2011-08-06,6.788971743
2011-08-07,6.69950034
2011-08-08,7.106606138
2011-08-09,7.167037877
2011-08-10,7.186144305
2011-08-11,7.218176838
2011-08-12,7.021083964
2011-08-13,6.720220155
2011-08-14,6.753437919
2011-08-15,7.027314514
2011-08-16,7.160845907
2011-08-17,7.230563153
2011-08-18,7.094234846
2011-08-19,7.261225092
2011-08-20,6.822197391
2011-08-21,6.876264612
2011-08-22,7.257002707
2011-08-23,7.229838778
2011-08-24,7.22329568
2011-08-25,7.277938573
2011-08-26,7.200424893
2011-08-27,7.196686571
2011-08-28,6.944087208
2011-08-29,7.163946684
2011-08-30,7.307202315
2011-08-31,7.245655068
2011-09-01,7.271703707
2011-09-03,6.866933284
2011-09-04,6.844815479
2011-09-05,7.027314514
2011-09-06,7.228388452
2011-09-07,7.221105098
2011-09-08,7.242082359
2011-09-09,7.306531399
2011-09-10,6.957497371
2011-09-11,6.825460036
2011-09-12,7.086737935
2011-09-13,7.183111702
2011-09-14,7.157735484
2011-09-15,7.258412151
2011-09-16,7.145984468
2011-09-17,7.00488199
2011-09-18,6.80682936
2011-09-19,7.228388452
2011-09-20,7.193685818
2011-09-21,7.156956365
2011-09-22,7.279318835
2011-09-23,7.17395832
2011-09-24,7.084226422
2011-09-25,6.860663671
2011-09-26,7.177782416
2011-09-27,7.23489842
2011-09-28,7.199678346
2011-09-29,7.28276118
2011-09-30,7.259116128
2011-10-01,7.036148494
2011-10-02,6.928537818
2011-10-03,7.314552832
2011-10-04,7.475339237
2011-10-05,7.407924323
2011-10-06,7.305188215
2011-10-07,7.296413269
2011-10-08,7.062191632
2011-10-09,7.013915475
2011-10-10,7.241366283
2011-10-11,7.370230642
2011-10-12,7.363279587
2011-10-13,7.44775128
2011-10-14,7.472500745
2011-10-15,7.01571242
2011-10-16,6.905753276
2011-10-17,7.336936914
2011-10-18,7.363913501
2011-10-19,7.3524411
2011-10-21,7.266827348
2011-10-22,6.882437471
2011-10-23,6.926577033
2011-10-24,7.243512975
2011-10-25,7.258412151
2011-10-26,7.423568444
2011-10-27,7.420578905
2011-10-28,7.29301768
2011-10-29,6.910750788
2011-10-30,6.988413182
2011-10-31,7.302496424
2011-11-01,7.39387829
2011-11-02,7.515344571
2011-11-03,7.432483808
2011-11-04,7.360103973
2011-11-05,6.945051064
2011-11-06,7.047517221
2011-11-07,7.383368147
2011-11-08,7.467371067
2011-11-09,7.463936604
2011-11-10,7.499423291
2011-11-11,7.353081921
2011-11-12,6.987490247
2011-11-13,7.089243155
2011-11-14,7.409741954
2011-11-15,7.475905969
2011-11-16,7.500529485
2011-11-17,7.484930283
2011-11-18,7.325148958
2011-11-19,7.104144093
2011-11-20,6.98471632
2011-11-21,7.358193753
2011-11-22,7.454141078
2011-11-23,7.379632153
2011-11-24,7.283448229
2011-11-25,7.164720379
2011-11-26,7.008505182
2011-11-27,7.033506484
2011-11-28,7.484930283
2011-11-29,7.503289631
2011-11-30,7.401841579
2011-12-01,7.46565531
2011-12-02,7.340186835
2011-12-03,7.092573716
2011-12-04,7.080867897
2011-12-05,7.43838353
2011-12-06,7.377758908
2011-12-07,7.458762692
2011-12-08,7.417580402
2011-12-09,7.299121463
2011-12-10,7.590346946
2011-12-11,7.239932591
2011-12-12,7.342779189
2011-12-13,7.420578905
2011-12-14,7.399398083
2011-12-15,7.411556288
2011-12-16,7.299121463
2011-12-17,6.93439721
2011-12-18,6.893656355
2011-12-19,7.25981961
2011-12-20,7.239214974
2011-12-21,7.251344983
2011-12-22,7.189922171
2011-12-23,4.077537444
2011-12-26,6.09356977
2011-12-27,7.069023427
2011-12-28,7.183870715
2011-12-29,7.142827401
2011-12-30,6.925595197
2011-12-31,6.725033642
2012-01-01,6.675823222
2012-01-02,7.194436851
2012-01-03,7.36264527
2012-01-04,7.396948603
2012-01-05,7.374629015
2012-01-06,7.247080585
2012-01-07,7.010311867
2012-01-08,7.073269717
2012-01-09,7.437795122
2012-01-10,7.563200592
2012-01-11,7.582738489
2012-01-12,7.499976541
2012-01-13,7.488852956
2012-01-14,7.267525428
2012-01-15,7.095893221
2012-01-16,7.344072851
2012-01-17,7.452982329
2012-01-18,7.510977752
2012-01-19,7.518607217
2012-01-20,7.44775128
2012-01-21,7.104965448
2012-01-22,7.122866659
2012-01-23,7.402451521
2012-01-24,7.491645474
2012-01-25,7.587310506
2012-01-26,7.5416831
2012-01-27,7.382124366
2012-01-28,7.062191632
2012-01-29,7.103322063
2012-01-30,7.420578905
2012-01-31,7.448916103
2012-02-01,7.456454555
2012-02-02,7.592366129
2012-02-03,7.421177529
2012-02-04,7.096721378
2012-02-05,7.126087273
2012-02-06,7.489412084
2012-02-07,7.636752112
2012-02-08,7.61529834
2012-02-09,7.556427969
2012-02-10,7.496652438
2012-02-11,7.067319849
2012-02-12,7.037027615
2012-02-13,7.457032089
2012-02-14,7.552762084
2012-02-15,7.524021415
2012-02-16,7.580189418
2012-02-17,7.525639975
2012-02-18,7.063903961
2012-02-19,7.118016204
2012-02-20,7.410347098
2012-02-21,7.487733761
2012-02-22,7.497761701
2012-02-23,7.507690078
2012-02-24,7.375255778
2012-02-25,6.995766156
2012-02-26,7.044032897
2012-02-27,7.474772182
2012-02-28,7.528331767
2012-02-29,7.535830463
2012-03-01,7.503289631
2012-03-02,7.436027816
2012-03-03,6.986566459
2012-03-04,7.03438793
2012-03-05,7.400009517
2012-03-06,7.486613313
2012-03-07,7.528331767
2012-03-08,7.422971251
2012-03-09,7.41397029
2012-03-10,7.052721049
2012-03-11,7.058758153
2012-03-12,7.482118924
2012-03-13,7.494430215
2012-03-14,7.431891917
2012-03-15,7.425357887
2012-03-16,7.305188215
2012-03-17,7.00488199
2012-03-18,6.968850378
2012-03-19,7.438971592
2012-03-20,7.390181428
2012-03-21,7.420578905
2012-03-22,7.349873705
2012-03-23,7.25981961
2012-03-24,6.805722553
2012-03-25,6.9117473
2012-03-26,7.372118028
2012-03-27,7.385851078
2012-03-28,7.438971592
2012-03-29,7.357556201
2012-03-30,7.360103973
2012-03-31,7.02464903
2012-04-01,7.003974137
2012-04-02,7.366445148
2012-04-03,7.455298486
2012-04-04,7.391415235
2012-04-05,7.349873705
2012-04-06,7.163946684
2012-04-07,6.843749949
2012-04-08,6.997595983
2012-04-09,7.218176838
2012-04-10,7.456454555
2012-04-11,7.394493107
2012-04-12,7.400009517
2012-04-13,7.385230923
2012-04-14,6.91274282
2012-04-15,6.994849986
2012-04-16,7.377133713
2012-04-17,7.41397029
2012-04-18,7.452982329
2012-04-19,7.430114139
2012-04-20,7.467942332
2012-04-21,7.122866659
2012-04-22,7.005789019
2012-04-23,7.463936604
2012-04-24,7.410951876
2012-04-25,7.356279877
2012-04-26,7.451241685
2012-04-27,7.304515946
2012-04-28,6.891625897
2012-04-29,6.985641818
2012-05-01,7.301147806
2012-05-02,7.43543802
2012-05-03,7.381501895
2012-05-04,7.303843225
2012-05-05,6.939253946
2012-05-06,6.926577033
2012-05-07,7.400620577
2012-05-08,7.401841579
2012-05-09,7.467942332
2012-05-10,7.404279118
2012-05-11,7.37337431
2012-05-12,6.967909202
2012-05-13,6.899723107
2012-05-14,7.36707706
2012-05-15,7.479299638
2012-05-16,7.43543802
2012-05-17,7.382124366
2012-05-18,7.302496424
2012-05-19,6.84694314
2012-05-20,6.9902565
2012-05-21,7.326465614
2012-05-22,7.398786275
2012-05-23,7.516977225
2012-05-24,7.531552381
2012-05-25,7.339537695
2012-05-26,7.167809184
2012-05-27,7.079184395
2012-05-28,7.225481473
2012-05-29,7.457032089
2012-05-30,7.433075349
2012-05-31,7.406103381
2012-06-01,7.321188557
2012-06-02,7.037905963
2012-06-03,6.982862751
2012-06-04,7.40671073
2012-06-05,7.614312146
2012-06-06,7.508787171
2012-06-07,7.455298486
2012-06-08,7.403061091
2012-06-09,6.965080346
2012-06-10,7.074963198
2012-06-11,7.455876687
2012-06-12,7.550661243
2012-06-13,7.488852956
2012-06-14,7.543273347
2012-06-15,7.721791777
2012-06-16,6.988413182
2012-06-17,7.009408933
2012-06-18,7.405495663
2012-06-19,7.449498005
2012-06-20,7.437206367
2012-06-21,7.476472381
2012-06-22,7.375882148
2012-06-23,6.989335266
2012-06-24,7.009408933
2012-06-25,7.393263095
2012-06-26,7.457032089
2012-06-27,7.475905969
2012-06-28,7.443078374
2012-06-29,7.35372233
2012-06-30,6.877296071
2012-07-01,7.069874128
2012-07-02,7.324489979
2012-07-03,7.409741954
2012-07-04,7.325807503
2012-07-05,7.473069088
2012-07-06,7.54009032
2012-07-07,7.126087273
2012-07-08,6.996681488
2012-07-09,7.535296702
2012-07-10,7.518607217
2012-07-11,7.497761701
2012-07-12,7.512071246
2012-07-13,7.399398083
2012-07-14,7.052721049
2012-07-15,6.970730078
2012-07-16,7.433075349
2012-07-17,7.52131798
2012-07-18,7.544861069
2012-07-19,7.463363046
2012-07-20,7.401841579
2012-07-21,7.056175284
2012-07-22,6.961296046
2012-07-23,7.40731771
2012-07-24,7.518064181
2012-07-25,7.570958583
2012-07-26,7.558516743
2012-07-27,7.400009517
2012-07-28,6.858565035
2012-07-29,6.967909202
2012-07-30,7.362010551
2012-07-31,7.472500745
2012-08-01,7.428927195
2012-08-02,7.372118028
2012-08-03,7.333676396
2012-08-04,6.852242569
2012-08-05,6.938284484
2012-08-06,7.28276118
2012-08-07,7.379008128
2012-08-08,7.453561872
2012-08-09,7.442492723
2012-08-10,7.291656209
2012-08-11,7.017506143
2012-08-12,6.943122423
2012-08-13,7.434847875
2012-08-14,7.474772182
2012-08-15,7.364547014
2012-08-16,7.397561536
2012-08-17,7.3524411
2012-08-18,6.932447892
2012-08-19,6.948897222
2012-08-20,7.497207223
2012-08-21,7.53369371
2012-08-22,7.493873887
2012-08-23,7.481555702
2012-08-24,7.433075349
2012-08-25,7.065613364
2012-08-26,6.981934677
2012-08-27,7.529406458
2012-08-28,7.60190196
2012-08-29,7.510977752
2012-08-30,7.502186487
2012-08-31,7.34601021
2012-09-01,7.044032897
2012-09-02,7.247080585
2012-09-03,7.536363938
2012-09-04,7.704811923
2012-09-05,7.6989362
2012-09-06,7.658227526
2012-09-07,7.605890001
2012-09-08,7.183870715
2012-09-09,7.23417718
2012-09-10,7.660585462
2012-09-11,7.796057974
2012-09-12,7.686621335
2012-09-13,7.712443834
2012-09-14,7.560080465
2012-09-15,7.184629153
2012-09-16,7.136483209
2012-09-17,7.571473649
2012-09-18,7.631431665
2012-09-19,7.65349491
2012-09-20,7.66293785
2012-09-21,7.59739632
2012-09-22,7.127693699
2012-09-23,7.301822342
2012-09-24,7.774855767
2012-09-25,7.756195344
2012-09-26,7.730614066
2012-09-27,7.793586803
2012-09-28,7.69211334
2012-09-29,7.3524411
2012-09-30,7.553810852
2012-10-01,7.852827812
2012-10-02,7.687997166
2012-10-03,7.704811923
2012-10-04,7.697575347
2012-10-05,7.592870288
2012-10-06,7.242082359
2012-10-07,7.263329617
2012-10-08,7.629489916
2012-10-09,7.740664402
2012-10-10,7.699389406
2012-10-11,7.775275846
2012-10-12,7.570958583
2012-10-13,7.224753406
2012-10-14,7.203405521
2012-10-15,7.766840537
2012-10-16,7.788626066
2012-10-17,7.750184162
2012-10-18,7.717351272
2012-10-19,7.647786045
2012-10-20,7.232733136
2012-10-21,7.451822237
2012-10-22,7.708410667
2012-10-23,7.763871288
2012-10-24,7.818027939
2012-10-25,7.750614733
2012-10-26,7.653020414
2012-10-27,7.235619141
2012-10-28,7.331060305
2012-10-29,7.640603826
2012-10-30,7.711101252
2012-10-31,7.673688129
2012-11-01,7.614312146
2012-11-02,7.497207223
2012-11-03,7.249925537
2012-11-04,7.310550159
2012-11-05,7.660585462
2012-11-06,7.718240952
2012-11-07,7.620214771
2012-11-08,7.700747795
2012-11-09,7.708859601
2012-11-10,7.291656209
2012-11-11,7.242082359
2012-11-12,7.665284718
2012-11-13,7.674617497
2012-11-14,7.690286021
2012-11-15,7.697575347
2012-11-16,7.559038255
2012-11-17,7.28756064
2012-11-18,7.207118856
2012-11-19,7.644440762
2012-11-20,7.679251426
2012-11-21,7.571473649
2012-11-22,7.484368643
2012-11-23,7.529406458
2012-11-24,7.258412151
2012-11-25,7.266827348
2012-11-26,7.647308832
2012-11-27,7.745002804
2012-11-28,7.647308832
2012-11-29,7.764296006
2012-11-30,7.571988449
2012-12-01,7.254177846
2012-12-02,7.253470383
2012-12-03,7.657282793
2012-12-04,7.701652363
2012-12-05,8.037220031
2012-12-06,8.240912542
2012-12-07,7.834392303
2012-12-08,7.3524411
2012-12-09,7.374001859
2012-12-10,7.721791777
2012-12-11,7.749322465
2012-12-12,7.731053144
2012-12-13,7.690743164
2012-12-14,7.616283562
2012-12-15,7.323170718
2012-12-16,7.360103973
2012-12-17,7.733245647
2012-12-18,7.683403681
2012-12-19,7.7164608
2012-12-20,7.709756864
2012-12-21,7.531552381
2012-12-22,7.209340257
2012-12-23,7.201916318
2012-12-24,7.203405521
2012-12-25,7.134093721
2012-12-26,7.33823815
2012-12-27,7.384610383
2012-12-28,7.367708572
2012-12-29,7.171656823
2012-12-30,7.22329568
2012-12-31,7.237778192
2013-01-01,7.149131599
2013-01-02,7.816819966
2013-01-03,7.882314919
2013-01-04,7.828436359
2013-01-05,7.571988449
2013-01-06,7.582229194
2013-01-07,7.990576882
2013-01-08,8.14322675
2013-01-09,8.140023952
2013-01-10,8.066835314
2013-01-11,7.822044008
2013-01-12,7.436617265
2013-01-13,7.385851078
2013-01-14,7.875119281
2013-01-15,7.914617709
2013-01-16,7.892078421
2013-01-17,7.922623574
2013-01-18,7.796057974
2013-01-19,7.390798522
2013-01-20,7.523481313
2013-01-21,7.890956716
2013-01-22,7.981733287
2013-01-23,7.954021087
2013-01-24,7.938802248
2013-01-25,7.934871566
2013-01-26,7.494430215
2013-01-27,7.514254653
2013-01-28,7.902487437
2013-01-29,7.926963545
2013-01-30,7.982757702
2013-01-31,7.891330758
2013-02-01,7.842278779
2013-02-02,7.446001498
2013-02-03,7.491645474
2013-02-04,7.881937489
2013-02-05,7.893572074
2013-02-06,7.936302693
2013-02-07,7.881937489
2013-02-08,7.830028083
2013-02-09,7.405495663
2013-02-10,7.380879036
2013-02-11,7.806696373
2013-02-12,7.917900586
2013-02-13,7.799753318
2013-02-14,7.789454566
2013-02-15,7.80016307
2013-02-16,7.469083885
2013-02-17,7.440733707
2013-02-18,7.742402022
2013-02-19,7.822044008
2013-02-20,7.895063498
2013-02-21,7.848543482
2013-02-22,7.716906135
2013-02-23,7.405495663
2013-02-24,7.436027816
2013-02-25,7.792348924
2013-02-26,7.83873756
2013-02-27,7.906915489
2013-02-28,7.893945138
2013-03-01,7.854381211
2013-03-02,7.468513271
2013-03-03,7.457032089
2013-03-04,7.853216388
2013-03-05,7.870547845
2013-03-06,7.847371836
2013-03-07,7.832807517
2013-03-08,7.731930722
2013-03-09,7.387090236
2013-03-10,7.412764017
2013-03-11,7.796469243
2013-03-12,7.912789221
2013-03-13,7.786551806
2013-03-14,7.872836175
2013-03-15,7.812782819
2013-03-16,7.428333194
2013-03-17,7.407924323
2013-03-18,7.80832305
2013-03-19,7.785305183
2013-03-20,7.876638461
2013-03-21,7.824845691
2013-03-22,7.69802917
2013-03-23,7.429520843
2013-03-24,7.459914766
2013-03-25,7.804251384
2013-03-26,7.837554361
2013-03-27,7.7419679
2013-03-28,7.788626066
2013-03-29,7.577121931
2013-03-30,7.274479559
2013-03-31,7.382124366
2013-04-01,7.618251098
2013-04-02,7.774015077
2013-04-03,7.849713758
2013-04-04,7.755338813
2013-04-05,7.814399634
2013-04-06,7.26961675
2013-04-07,7.33171497
2013-04-08,7.76937861
2013-04-09,7.77569575
2013-04-10,7.673223121
2013-04-11,7.74109909
2013-04-12,7.591357047
2013-04-13,7.180069874
2013-04-14,7.282073658
2013-04-15,7.738923757
2013-04-16,7.850882665
2013-04-17,7.71154898
2013-04-18,7.636269603
2013-04-19,7.584773078
2013-04-20,7.126890809
2013-04-21,7.299797367
2013-04-22,7.714231145
2013-04-23,7.759614151
2013-04-24,7.772331575
2013-04-25,7.748028524
2013-04-26,7.632401127
2013-04-27,7.241366283
2013-04-28,7.261927093
2013-04-29,7.732369222
2013-04-30,7.694392803
2013-05-01,7.53689713
2013-05-02,7.684324068
2013-05-03,7.595387279
2013-05-04,7.142036575
2013-05-05,7.232010332
2013-05-06,7.590852124
2013-05-07,7.626082758
2013-05-08,7.647308832
2013-05-09,7.566311015
2013-05-10,7.528869257
2013-05-11,7.138073034
2013-05-12,7.198931241
2013-05-13,7.685243608
2013-05-14,7.659642955
2013-05-15,7.682021511
2013-05-16,7.705712824
2013-05-17,7.541152455
2013-05-18,7.143617603
2013-05-19,7.201916318
2013-05-20,7.543273347
2013-05-21,7.685243608
2013-05-22,7.741533589
2013-05-23,7.692569648
2013-05-24,7.519149958
2013-05-25,7.090909822
2013-05-26,7.124478262
2013-05-27,7.454719949
2013-05-28,7.693025748
2013-05-29,7.708410667
2013-05-30,7.638679824
2013-05-31,7.554858521
2013-06-01,7.152268856
2013-06-02,7.093404626
2013-06-03,7.672292456
2013-06-04,7.68017564
2013-06-05,7.655864018
2013-06-06,7.68294317
2013-06-07,7.594884387
2013-06-08,7.063048163
2013-06-09,7.178545484
2013-06-10,7.642524134
2013-06-11,7.68386398
2013-06-12,7.77317368
2013-06-13,7.641084249
2013-06-14,7.558516743
2013-06-15,7.122866659
2013-06-16,7.201170883
2013-06-17,7.721791777
2013-06-18,7.740229525
2013-06-19,7.696667082
2013-06-20,7.648739789
2013-06-21,7.546974118
2013-06-22,7.037027615
2013-06-23,7.137278437
2013-06-24,7.634820678
2013-06-25,7.723120092
2013-06-26,7.690286021
2013-06-27,7.700295203
2013-06-28,7.495541944
2013-06-29,7.074116816
2013-06-30,7.128495946
2013-07-01,7.602401336
2013-07-02,7.715569535
2013-07-03,7.612336837
2013-07-04,7.477038472
2013-07-05,7.356279877
2013-07-06,7.063903961
2013-07-07,7.100027167
2013-07-08,7.575584652
2013-07-09,7.738488122
2013-07-10,7.631431665
2013-07-11,7.642044403
2013-07-12,7.529406458
2013-07-13,6.999422468
2013-07-14,7.183111702
2013-07-15,7.65396918
2013-07-16,7.60190196
2013-07-17,7.669961995
2013-07-18,7.594381243
2013-07-19,7.445417557
2013-07-20,7.095064377
2013-07-21,7.010311867
2013-07-22,7.532623619
2013-07-24,6.656726524
2013-07-25,7.472500745
2013-07-26,7.430114139
2013-07-27,6.915723449
2013-07-28,6.985641818
2013-07-29,7.475905969
2013-07-30,7.531552381
2013-07-31,7.465082736
2013-08-01,7.471363088
2013-08-02,7.527793988
2013-08-03,7.138867
2013-08-04,7.061334367
2013-08-05,7.416378479
2013-08-06,7.440146681
2013-08-07,7.525100746
2013-08-08,7.398786275
2013-08-09,7.475339237
2013-08-10,6.960347729
2013-08-11,7.014814351
2013-08-12,7.441906728
2013-08-13,7.513163545
2013-08-14,7.463363046
2013-08-15,7.337587744
2013-08-16,7.429520843
2013-08-17,7.00488199
2013-08-18,7.052721049
2013-08-19,7.446585099
2013-08-20,7.434257382
2013-08-21,7.501634458
2013-08-22,7.484930283
2013-08-23,7.401841579
2013-08-24,6.97354302
2013-08-25,6.986566459
2013-08-26,7.51479976
2013-08-27,7.542743545
2013-08-28,7.570443252
2013-08-29,7.551712215
2013-08-30,7.469654173
2013-08-31,7.033506484
2013-09-01,6.983789965
2013-09-02,7.358193753
2013-09-03,7.532088144
2013-09-04,7.595889918
2013-09-05,7.571473649
2013-09-06,7.524021415
2013-09-07,6.981934677
2013-09-08,7.03966035
2013-09-09,7.527793988
2013-09-10,7.628031127
2013-09-11,7.568895663
2013-09-12,7.61283103
2013-09-13,7.614805365
2013-09-14,7.118826249
2013-09-15,7.180069874
2013-09-16,7.598399329
2013-09-17,7.617267814
2013-09-18,7.631916513
2013-09-19,7.765569081
2013-09-20,7.643003636
2013-09-21,7.215239979
2013-09-22,7.283448229
2013-09-23,7.883446354
2013-09-24,7.912789221
2013-09-25,7.90617884
2013-09-26,7.905441649
2013-09-27,7.829630389
2013-09-28,7.443078374
2013-09-29,7.655864018
2013-09-30,8.050703381
2013-10-01,7.872836175
2013-10-02,7.667158255
2013-10-03,7.65396918
2013-10-04,7.552762084
2013-10-05,7.241366283
2013-10-06,7.226936018
2013-10-07,7.605890001
2013-10-08,7.648739789
2013-10-09,7.649692624
2013-10-10,7.637234389
2013-10-11,7.497761701
2013-10-12,7.080867897
2013-10-13,7.102499356
2013-10-14,7.461065514
2013-10-15,7.537430037
2013-10-16,7.519692404
2013-10-17,7.546974118
2013-10-18,7.46221494
2013-10-19,7.012115294
2013-10-20,7.504942068
2013-10-21,7.545918151
2013-10-22,7.608374474
2013-10-23,7.580699752
2013-10-24,7.594381243
2013-10-25,7.506042179
2013-10-26,7.00488199
2013-10-27,7.086737935
2013-10-28,7.551712215
2013-10-29,7.590852124
2013-10-30,7.562681247
2013-10-31,7.503289631
2013-11-01,7.401841579
2013-11-02,7.01301579
2013-11-03,6.981934677
2013-11-04,7.479299638
2013-11-05,7.620214771
2013-11-06,7.680637428
2013-11-07,7.52131798
2013-11-08,7.470224136
2013-11-09,7.122059882
2013-11-10,7.148345744
2013-11-11,7.534228326
2013-11-12,7.604396349
2013-11-13,7.615791072
2013-11-14,7.638679824
2013-11-15,7.569927655
2013-11-16,7.201916318
2013-11-17,7.33823815
2013-11-18,7.583247524
2013-11-19,7.572502985
2013-11-20,7.567345676
2013-11-21,7.634820678
2013-11-22,7.56112159
2013-11-23,7.194436851
2013-11-24,7.17930797
2013-11-25,7.596392304
2013-11-26,7.630946581
2013-11-27,7.569411792
2013-11-28,7.513163545
2013-11-29,7.602401336
2013-11-30,7.325807503
2013-12-01,7.307202315
2013-12-02,7.618742378
2013-12-03,7.654917048
2013-12-04,7.804251384
2013-12-05,7.681099002
2013-12-06,7.678788998
2013-12-07,7.349230825
2013-12-08,7.335633982
2013-12-09,7.667158255
2013-12-10,7.73587032
2013-12-11,7.757051142
2013-12-12,7.662467815
2013-12-13,7.604396349
2013-12-14,7.322510434
2013-12-15,7.199678346
2013-12-16,7.657282793
2013-12-17,7.730614066
2013-12-18,7.634820678
2013-12-19,7.574558484
2013-12-20,7.39387829
2013-12-21,7.090076836
2013-12-22,6.981934677
2013-12-23,7.33171497
2013-12-24,7.180831199
2013-12-25,7.04053639
2013-12-26,7.320526962
2013-12-27,7.279318835
2013-12-28,7.037905963
2013-12-29,7.00488199
2013-12-30,7.343426229
2013-12-31,7.22620901
2014-01-01,6.918695219
2014-01-02,7.475905969
2014-01-03,7.515344571
2014-01-04,7.140453043
2014-01-05,5.398162702
2014-01-07,7.987864096
2014-01-08,7.982757702
2014-01-09,7.883446354
2014-01-10,7.857480787
2014-01-11,7.562161631
2014-01-12,7.736743682
2014-01-13,7.940939762
2014-01-14,7.924434185
2014-01-15,7.893945138
2014-01-16,7.913521017
2014-01-17,7.809135398
2014-01-18,7.33432935
2014-01-19,7.356918242
2014-01-20,7.765144903
2014-01-21,7.844240718
2014-01-22,7.896924656
2014-01-23,7.898782357
2014-01-24,7.809135398
2014-01-25,7.343426229
2014-01-26,7.365180126
2014-01-27,7.877017896
2014-01-28,7.89469085
2014-01-29,7.90359629
2014-01-30,7.841099765
2014-01-31,7.737616283
2014-02-01,7.43838353
2014-02-02,7.539027056
2014-02-03,7.83991936
2014-02-04,7.900266037
2014-02-05,7.918264686
2014-02-06,7.883069351
2014-02-07,7.824046011
2014-02-08,7.346655163
2014-02-09,7.485491608
2014-02-10,7.828436359
2014-02-11,7.899153483
2014-02-12,7.869401713
2014-02-13,7.842278779
2014-02-14,7.669495251
2014-02-15,7.303843225
2014-02-16,7.365812837
2014-02-17,7.787796878
2014-02-18,7.813187268
2014-02-19,7.812378206
2014-02-20,7.871311203
2014-02-21,7.761744985
2014-02-22,7.355641103
2014-02-23,7.303170051
2014-02-24,7.808729307
2014-02-25,7.904703914
2014-02-26,7.844632644
2014-02-27,7.865187954
2014-02-28,7.763021309
2014-03-01,7.387709239
2014-03-02,7.340186835
2014-03-03,7.814803429
2014-03-04,7.80588204
2014-03-05,7.920446505
2014-03-06,7.863651265
2014-03-07,7.809541325
2014-03-08,7.368970402
2014-03-09,7.383989458
2014-03-10,7.825644732
2014-03-11,7.855157006
2014-03-12,7.869019376
2014-03-13,7.836369761
2014-03-14,7.7419679
2014-03-15,7.344719054
2014-03-16,7.386470849
2014-03-17,7.803843304
2014-03-18,7.860956365
2014-03-19,7.883446354
2014-03-20,7.881937489
2014-03-21,7.77148876
2014-03-22,7.333676396
2014-03-23,7.400009517
2014-03-24,7.949797216
2014-03-25,8.009030685
2014-03-26,7.899153483
2014-03-27,7.837948916
2014-03-28,7.798112629
2014-03-29,7.314552832
2014-03-30,7.33171497
2014-03-31,7.758333467
2014-04-01,7.826044014
2014-04-02,7.899153483
2014-04-03,7.899895323
2014-04-04,7.818430272
2014-04-05,7.390181428
2014-04-06,7.368339686
2014-04-07,7.940227765
2014-04-08,8.05452261
2014-04-09,7.963112059
2014-04-10,7.996653875
2014-04-11,7.871311203
2014-04-12,7.543273347
2014-04-13,7.755338813
2014-04-14,7.988882253
2014-04-15,7.936660155
2014-04-16,7.864035659
2014-04-17,7.80710329
2014-04-18,7.54538975
2014-04-19,7.334981879
2014-04-20,7.298445102
2014-04-21,7.618742378
2014-04-22,7.802618063
2014-04-23,7.829232538
2014-04-24,7.771910256
2014-04-25,7.757906208
2014-04-26,7.329749689
2014-04-27,7.334981879
2014-04-28,7.770223204
2014-04-29,7.819234454
2014-04-30,7.943782692
2014-05-01,7.699389406
2014-05-02,7.733245647
2014-05-03,7.356279877
2014-05-04,7.470793774
2014-05-05,7.762596049
2014-05-06,7.984462732
2014-05-07,7.897668151
2014-05-08,7.89319887
2014-05-09,7.822044008
2014-05-10,7.506042179
2014-05-11,7.725771442
2014-05-12,7.926602599
2014-05-13,7.921898411
2014-05-14,7.898039691
2014-05-15,7.876638461
2014-05-16,7.693025748
2014-05-17,7.226936018
2014-05-18,7.332369206
2014-05-19,7.739794458
2014-05-20,7.77317368
2014-05-21,7.866722285
2014-05-22,7.933079772
2014-05-23,7.835974582
2014-05-24,7.305860033
2014-05-25,7.378383713
2014-05-26,7.667158255
2014-05-27,7.832014181
2014-05-28,7.889459149
2014-05-29,7.801800402
2014-05-30,7.718685495
2014-05-31,7.265429723
2014-06-01,7.317876199
2014-06-02,7.80588204
2014-06-03,7.959974528
2014-06-04,7.924434185
2014-06-05,7.892452044
2014-06-06,7.847762537
2014-06-07,7.428927195
2014-06-08,7.676473646
2014-06-09,7.873217055
2014-06-10,7.896924656
2014-06-11,7.846198815
2014-06-12,7.853993087
2014-06-13,7.67971364
2014-06-14,7.221835825
2014-06-15,7.20489251
2014-06-16,7.761744985
2014-06-17,7.824046011
2014-06-18,7.917536354
2014-06-19,7.812378206
2014-06-20,7.670428522
2014-06-21,7.257002707
2014-06-22,7.175489714
2014-06-23,7.761319181
2014-06-24,7.796469243
2014-06-25,7.993619995
2014-06-26,7.812782819
2014-06-27,7.789040402
2014-06-28,7.294377299
2014-06-29,7.524021415
2014-06-30,7.893572074
2014-07-01,7.813995675
2014-07-02,7.854381211
2014-07-03,7.91644286
2014-07-04,7.656337166
2014-07-05,7.157735484
2014-07-06,7.272398393
2014-07-07,7.865955414
2014-07-08,8.026496939
2014-07-09,7.929126487
2014-07-10,7.920809679
2014-07-11,7.892452044
2014-07-12,7.50659178
2014-07-13,7.572502985
2014-07-14,7.983098941
2014-07-15,7.999678579
2014-07-16,7.893572074
2014-07-17,7.923710334
2014-07-18,7.774855767
2014-07-19,7.22620901
2014-07-20,7.31986493
2014-07-21,7.862882035
2014-07-22,7.816013839
2014-07-23,7.809135398
2014-07-24,7.826044014
2014-07-25,7.693481641
2014-07-26,8.461891876
2014-07-27,7.239214974
2014-07-28,7.813187268
2014-07-29,7.806289289
2014-07-30,7.789040402
2014-07-31,7.7419679
2014-08-01,7.660114319
2014-08-02,7.302496424
2014-08-03,7.206377291
2014-08-04,7.787796878
2014-08-05,7.918264686
2014-08-06,7.884199934
2014-08-07,7.951559331
2014-08-08,7.896924656
2014-08-09,7.558516743
2014-08-10,7.703459048
2014-08-11,7.98104976
2014-08-12,7.913886715
2014-08-13,7.9686657
2014-08-14,7.896180609
2014-08-15,7.781555959
2014-08-16,7.241366283
2014-08-17,7.31986493
2014-08-18,7.795646536
2014-08-19,7.861341796
2014-08-20,7.857480787
2014-08-21,7.832807517
2014-08-22,7.736307097
2014-08-23,7.320526962
2014-08-24,7.299797367
2014-08-25,7.900266037
2014-08-26,7.945555428
2014-08-27,7.784473236
2014-08-29,7.786967003
2014-08-30,7.364547014
2014-08-31,7.333023014
2014-09-01,7.754052639
2014-09-02,8.021584533
2014-09-03,8.083328609
2014-09-04,8.046229101
2014-09-05,8.066835314
2014-09-06,7.674617497
2014-09-07,7.83991936
2014-09-08,8.159946656
2014-09-09,8.163086376
2014-09-10,8.178077464
2014-09-11,8.233237501
2014-09-12,8.087025471
2014-09-13,7.769800996
2014-09-14,7.699389406
2014-09-15,8.137980454
2014-09-16,8.171034189
2014-09-17,8.184513753
2014-09-18,8.152486076
2014-09-19,8.153061947
2014-09-20,7.484930283
2014-09-21,7.536363938
2014-09-22,7.982416347
2014-09-23,8.063377822
2014-09-24,8.08147504
2014-09-25,8.010359589
2014-09-26,7.828834528
2014-09-27,7.307202315
2014-09-28,7.452402451
2014-09-29,7.914252279
2014-09-30,7.923348212
2014-10-01,7.902487437
2014-10-02,7.91644286
2014-10-03,7.788211558
2014-10-04,7.318539549
2014-10-05,7.392031568
2014-10-06,7.876258882
2014-10-07,7.990915463
2014-10-08,8.103191752
2014-10-09,8.030734924
2014-10-10,7.966586698
2014-10-11,7.845416037
2014-10-12,7.675546003
2014-10-13,8.019283793
2014-10-14,8.107117471
2014-10-15,7.961718816
2014-10-16,7.863266724
2014-10-17,7.784473236
2014-10-18,7.324489979
2014-10-19,7.349230825
2014-10-20,7.868254266
2014-10-21,7.866722285
2014-10-22,7.846980982
2014-10-23,7.787382026
2014-10-24,7.74586823
2014-10-25,7.304515946
2014-10-26,7.37337431
2014-10-27,7.809135398
2014-10-28,7.865187954
2014-10-29,7.923710334
2014-10-30,7.846589975
2014-10-31,7.726653665
2014-11-01,7.309881486
2014-11-02,7.305860033
2014-11-03,7.891330758
2014-11-04,7.924072325
2014-11-05,7.96241568
2014-11-06,7.942362238
2014-11-07,7.817625443
2014-11-08,7.443663683
2014-11-09,7.54802897
2014-11-10,7.932362154
2014-11-11,7.994632311
2014-11-12,7.915713199
2014-11-13,7.933438388
2014-11-14,7.820037989
2014-11-15,7.503289631
2014-11-16,7.682021511
2014-11-17,8.178919333
2014-11-18,8.027476531
2014-11-19,7.902487437
2014-11-20,7.966239777
2014-11-21,8.03106018
2014-11-22,7.401841579
2014-11-23,7.452402451
2014-11-24,7.971430998
2014-11-25,8.006367568
2014-11-26,7.926241523
2014-11-27,7.687080156
2014-11-28,7.69802917
2014-11-29,7.372118028
2014-11-30,7.14440718
2014-12-01,8.006700845
2014-12-02,8.061486867
2014-12-03,8.074649075
2014-12-04,8.043020885
2014-12-05,7.895436007
2014-12-06,8.927579504
2014-12-07,7.671360923
2014-12-08,8.041412909
2014-12-09,7.994969523
2014-12-10,7.908754739
2014-12-11,7.916078096
2014-12-12,7.796469243
2014-12-13,7.225481473
2014-12-14,7.275864601
2014-12-15,7.793174347
2014-12-16,7.795646536
2014-12-17,7.812378206
2014-12-18,7.933438388
2014-12-19,7.643003636
2014-12-20,7.356279877
2014-12-21,7.31986493
2014-12-22,7.756195344
2014-12-23,7.591357047
2014-12-24,7.290292882
2014-12-25,6.962243464
2014-12-26,7.156956365
2014-12-27,7.045776577
2014-12-28,7.270312886
2014-12-29,7.534762657
2014-12-30,7.582229194
2014-12-31,7.292337176
2015-01-01,7.003974137
2015-01-02,7.416979621
2015-01-03,7.235619141
2015-01-04,7.326465614
2015-01-05,7.930925372
2015-01-06,8.079308192
2015-01-07,8.03592637
2015-01-08,8.02486215
2015-01-09,7.9490915
2015-01-10,7.499976541
2015-01-11,7.687080156
2015-01-12,8.104703468
2015-01-13,8.164510269
2015-01-14,8.06714904
2015-01-15,8.0730912
2015-01-16,7.936660155
2015-01-17,7.330405212
2015-01-18,7.416979621
2015-01-19,8.105911198
2015-01-20,8.134174272
2015-01-21,8.097426299
2015-01-22,8.068402959
2015-01-23,8.163656176
2015-01-24,7.702556113
2015-01-25,7.759187439
2015-01-26,8.202208436
2015-01-27,8.328934042
2015-01-28,8.179760494
2015-01-29,8.083945702
2015-01-30,8.007700013
2015-01-31,7.172424577
2015-02-01,7.382124366
2015-02-02,8.069029329
2015-02-03,8.139148679
2015-02-04,8.135932772
2015-02-06,8.018625465
2015-02-07,7.591861715
2015-02-08,7.798112629
2015-02-09,8.120886021
2015-02-10,8.123261319
2015-02-11,8.105609402
2015-02-12,8.14786713
2015-02-13,7.939515261
2015-02-14,7.319202459
2015-02-15,7.34601021
2015-02-16,7.846589975
2015-02-17,7.936660155
2015-02-18,8.017307508
2015-02-19,8.044305407
2015-02-20,7.854381211
2015-02-21,7.333676396
2015-02-22,7.440733707
2015-02-23,8.000684785
2015-02-24,8.087332926
2015-02-25,8.026823576
2015-02-26,7.888334501
2015-02-27,7.871311203
2015-02-28,7.425357887
2015-03-01,7.454719949
2015-03-02,8.014004995
2015-03-03,8.151621647
2015-03-04,8.075582637
2015-03-05,7.973844376
2015-03-06,7.965892735
2015-03-07,7.669028289
2015-03-08,7.731053144
2015-03-09,8.078688229
2015-03-10,8.126222529
2015-03-11,8.095293777
2015-03-12,8.014996894
2015-03-13,7.901747519
2015-03-14,7.351799869
2015-03-15,7.396948603
2015-03-16,7.967280179
2015-03-17,8.002359546
2015-03-18,8.003363059
2015-03-19,7.943427768
2015-03-20,7.879669915
2015-03-21,7.300472814
2015-03-22,7.355641103
2015-03-23,7.977625099
2015-03-24,7.944846711
2015-03-25,8.019941688
2015-03-26,7.895063498
2015-03-27,7.89469085
2015-03-28,7.238496841
2015-03-29,7.331060305
2015-03-30,7.958576904
2015-03-31,8.000014094
2015-04-01,7.855157006
2015-04-02,7.831617276
2015-04-03,7.739359203
2015-04-04,7.365180126
2015-04-05,7.232733136
2015-04-06,7.932721027
2015-04-07,8.24143969
2015-04-08,8.198914445
2015-04-09,8.116417073
2015-04-10,8.048149102
2015-04-11,7.725330038
2015-04-12,7.796880343
2015-04-13,8.174139343
2015-04-14,8.034306936
2015-04-15,8.001689978
2015-04-16,8.038834758
2015-04-17,7.871692664
2015-04-18,7.421775794
2015-04-19,7.476472381
2015-04-20,8.094378445
2015-04-21,8.018625465
2015-04-22,7.982416347
2015-04-23,7.942717541
2015-04-24,7.920083199
2015-04-25,7.300472814
2015-04-26,7.396948603
2015-04-27,7.952615112
2015-04-28,8.037543185
2015-04-29,9.057538782
2015-04-30,7.985484357
2015-05-01,7.707062655
2015-05-02,7.316548177
2015-05-03,7.325148958
2015-05-04,7.999342953
2015-05-05,8.153925132
2015-05-06,8.163371316
2015-05-07,8.045908742
2015-05-08,7.971776123
2015-05-09,7.484930283
2015-05-10,7.682021511
2015-05-11,8.080546966
2015-05-12,8.057694195
2015-05-13,8.02975852
2015-05-14,7.98104976
2015-05-15,7.899524472
2015-05-16,7.403061091
2015-05-17,7.461640392
2015-05-18,7.975220839
2015-05-19,8.028781162
2015-05-20,7.995980475
2015-05-21,7.964155719
2015-05-22,7.845024417
2015-05-23,7.25981961
2015-05-24,7.370860167
2015-05-25,7.676009932
2015-05-26,7.932003152
2015-05-27,8.160803921
2015-05-28,8.006700845
2015-05-29,7.884576511
2015-05-30,7.372118028
2015-05-31,7.394493107
2015-06-01,8.019283793
2015-06-02,8.127699853
2015-06-03,8.026170195
2015-06-04,8.056426768
2015-06-05,7.959625305
2015-06-06,7.478169694
2015-06-07,7.664815785
2015-06-08,8.092851028
2015-06-09,8.03106018
2015-06-10,7.965198291
2015-06-11,7.993619995
2015-06-12,7.762170607
2015-06-13,7.162397497
2015-06-14,7.239932591
2015-06-15,7.895063498
2015-06-16,7.967280179
2015-06-17,7.685243608
2015-06-18,7.590852124
2015-06-19,7.379008128
2015-06-20,6.363028104
2015-06-21,5.908082938
2015-06-22,6.633318433
2015-06-23,6.877296071
2015-06-24,7.205635176
2015-06-25,7.107425474
2015-06-26,7.299121463
2015-06-27,7.147559271
2015-06-28,7.209340257
2015-06-29,7.889084407
2015-06-30,7.981733287
2015-07-01,8.15075647
2015-07-02,8.057694195
2015-07-03,7.721791777
2015-07-04,7.142827401
2015-07-05,7.152268856
2015-07-06,7.985143931
2015-07-07,8.032035314
2015-07-08,7.977625099
2015-07-09,7.936302693
2015-07-10,7.821643126
2015-07-11,7.237778192
2015-07-12,7.463936604
2015-07-13,7.961021466
2015-07-14,7.934513464
2015-07-15,7.965198291
2015-07-16,7.885329239
2015-07-17,7.751045118
2015-07-18,7.117205503
2015-07-19,7.121252453
2015-07-20,7.905072849
2015-07-21,8.043984431
2015-07-22,7.966933498
2015-07-23,7.961718816
2015-07-24,7.894318064
2015-07-25,7.431299675
2015-07-26,7.454141078
2015-07-27,8.159088655
2015-07-28,8.12474302
2015-07-29,8.058327307
2015-07-30,8.021584533
2015-07-31,7.834392303
2015-08-01,7.217443432
2015-08-02,7.275172319
2015-08-03,7.799753318
2015-08-04,8.208764046
2015-08-05,8.236950048
2015-08-06,8.083328609
2015-08-07,8.002024818
2015-08-08,7.398786275
2015-08-09,7.553286606
2015-08-10,7.980707821
2015-08-11,7.989221409
2015-08-12,7.964155719
2015-08-13,7.943072717
2015-08-14,7.729735331
2015-08-15,7.22329568
2015-08-16,7.311886164
2015-08-17,7.904703914
2015-08-18,8.0522965
2015-08-19,8.016317899
2015-08-20,7.97831097
2015-08-21,7.787796878
2015-08-22,7.297091005
2015-08-23,7.307872781
2015-08-24,7.988542983
2015-08-25,8.099250562
2015-08-26,8.058327307
2015-08-27,8.025843344
2015-08-28,7.859413155
2015-08-29,7.202661197
2015-08-30,7.285506549
2015-08-31,8.037220031
2015-09-01,8.033658428
2015-09-02,8.068402959
2015-09-03,8.069342367
2015-09-04,7.83715965
2015-09-05,7.248504072
2015-09-06,7.298445102
2015-09-07,7.808729307
2015-09-08,8.03106018
2015-09-09,8.143517406
2015-09-10,8.058960018
2015-09-11,8.039802344
2015-09-12,7.401841579
2015-09-13,7.562161631
2015-09-14,8.150467912
2015-09-15,8.078067882
2015-09-16,7.812378206
2015-09-17,7.985484357
2015-09-18,7.914983006
2015-09-19,7.360739903
2015-09-20,7.38832786
2015-09-21,8.000684785
2015-09-22,8.020927719
2015-09-23,8.057377489
2015-09-24,7.992606652
2015-09-25,7.881937489
2015-09-26,7.284820913
2015-09-27,7.344072851
2015-09-28,8.022240917
2015-09-29,8.049746291
2015-09-30,8.106514516
2015-10-01,7.997326823
2015-10-02,7.83991936
2015-10-03,7.26961675
2015-10-04,7.312553498
2015-10-05,7.964850887
2015-10-06,8.217978203
2015-10-07,8.097730574
2015-10-08,8.087947555
2015-10-09,7.946263644
2015-10-10,7.417580402
2015-10-11,7.499976541
2015-10-13,8.055157732
2015-10-14,8.077136639
2015-10-15,8.07121854
2015-10-16,7.939871576
2015-10-17,7.374001859
2015-10-18,7.452982329
2015-10-19,7.992944547
2015-10-20,7.984121959
2015-10-21,7.946263644
2015-10-22,7.815610532
2015-10-23,7.818027939
2015-10-24,7.264730178
2015-10-25,7.385851078
2015-10-26,8.061486867
2015-10-27,8.028781162
2015-10-28,8.033982735
2015-10-29,8.087640288
2015-10-30,7.896552702
2015-10-31,7.295056416
2015-11-01,7.305860033
2015-11-02,7.97074039
2015-11-03,8.053251154
2015-11-04,8.044305407
2015-11-05,8.052933037
2015-11-06,7.920083199
2015-11-07,7.472500745
2015-11-08,7.459914766
2015-11-09,7.96797318
2015-11-10,7.907651595
2015-11-11,7.843848638
2015-11-12,8.026823576
2015-11-13,7.860956365
2015-11-14,7.251344983
2015-11-15,7.311886164
2015-11-16,7.897668151
2015-11-17,7.996653875
2015-11-18,8.108924156
2015-11-19,7.987184748
2015-11-20,7.809135398
2015-11-21,7.308542798
2015-11-22,7.416378479
2015-11-23,7.939158818
2015-11-24,7.893945138
2015-11-25,7.830425618
2015-11-26,7.72841578
2015-11-27,7.585281079
2015-11-28,7.207859871
2015-11-29,7.289610521
2015-11-30,7.881937489
2015-12-01,7.952615112
2015-12-02,7.908019445
2015-12-03,7.871311203
2015-12-04,7.77148876
2015-12-05,7.237059026
2015-12-06,7.292337176
2015-12-07,7.925880317
2015-12-08,7.969357742
2015-12-09,7.948738455
2015-12-10,7.932362154
2015-12-11,7.834788107
2015-12-12,7.360103973
2015-12-13,7.479864131
2015-12-14,8.237479289
2015-12-15,7.98104976
2015-12-16,8.016977747
2015-12-17,7.910223707
2015-12-18,7.765144903
2015-12-19,7.220373837
2015-12-20,7.126890809
2015-12-21,7.708410667
2015-12-22,7.725771442
2015-12-23,7.60090246
2015-12-24,7.313220387
2015-12-25,6.960347729
2015-12-26,7.047517221
2015-12-27,7.04053639
2015-12-28,7.564238475
2015-12-29,7.604396349
2015-12-30,7.61283103
2015-12-31,7.236339343
